<?xml version="1.0" encoding="UTF-8"?>
<!DOCTYPE suite SYSTEM "http://testng.org/testng-1.0.dtd">
<suite name="VerifyTitle" parallel="none">

  <test name="crossbrowserTest">
   <parameter name="browser" value="chrome"></parameter>
  <classes>
 
  <class name="crossbrowser.VerifyTitle">
  </class>
  </classes>
  </test> <!-- crossbrowserTest -->
  <test name="crossbrowserTest1">
   <parameter name="browser" value="firefox"></parameter>
  <classes>
 
  <class name="crossbrowser.VerifyTitle">
  </class>
  </classes>
  </test> <!-- crossbrowserTest -->
</suite> <!-- VerifyTitle -->
